time_utc,open,high,low,close,volume,is_complete
2026-02-02T15:00:00+00:00,31805.0,31816.0,31805.0,31816.0,3,True
2026-02-02T16:00:00+00:00,31772.0,31870.0,31772.0,31864.0,16,True
2026-02-02T17:00:00+00:00,31900.0,31925.0,31870.0,31906.0,22,True
2026-02-02T18:00:00+00:00,31900.0,31900.0,31900.0,31900.0,2,True
2026-02-02T19:00:00+00:00,31938.0,31959.0,31938.0,31959.0,3,True
2026-02-02T20:00:00+00:00,31959.0,31959.0,31952.0,31952.0,2,True
2026-02-03T06:00:00+00:00,31940.0,31985.0,31857.0,31985.0,32,True
2026-02-03T07:00:00+00:00,31901.0,31925.0,31849.0,31850.0,55,True
2026-02-03T08:00:00+00:00,31856.0,31875.0,31832.0,31875.0,45,True
2026-02-03T09:00:00+00:00,31864.0,31869.0,31802.0,31869.0,13,True
2026-02-03T11:00:00+00:00,31871.0,31918.0,31855.0,31918.0,20,True
2026-02-03T12:00:00+00:00,31968.0,31968.0,31952.0,31952.0,2,True
2026-02-03T13:00:00+00:00,31950.0,31975.0,31950.0,31970.0,7,True
2026-02-03T14:00:00+00:00,31970.0,31991.0,31966.0,31966.0,18,True
2026-02-03T15:00:00+00:00,31960.0,31960.0,31941.0,31941.0,60,True
2026-02-03T17:00:00+00:00,31872.0,31872.0,31872.0,31872.0,5,True
2026-02-03T18:00:00+00:00,31903.0,31903.0,31903.0,31903.0,1,True
2026-02-03T19:00:00+00:00,31927.0,31927.0,31915.0,31915.0,2,True
2026-02-03T20:00:00+00:00,31901.0,31901.0,31900.0,31900.0,2,True
2026-02-04T06:00:00+00:00,31965.0,32021.0,31923.0,32021.0,24,True
2026-02-04T07:00:00+00:00,32090.0,32092.0,31965.0,32065.0,734,True
2026-02-04T08:00:00+00:00,32069.0,32089.0,32045.0,32045.0,173,True
2026-02-04T09:00:00+00:00,32060.0,32076.0,32050.0,32076.0,168,True
2026-02-04T10:00:00+00:00,32088.0,32113.0,32079.0,32113.0,42,True
2026-02-04T11:00:00+00:00,32092.0,32092.0,31950.0,32000.0,209,True
2026-02-04T12:00:00+00:00,32002.0,32045.0,32002.0,32035.0,139,True
2026-02-04T13:00:00+00:00,32012.0,32012.0,31937.0,31971.0,10,True
2026-02-04T15:00:00+00:00,31961.0,31961.0,31936.0,31936.0,22,True
2026-02-04T16:00:00+00:00,31934.0,31934.0,31900.0,31929.0,8,True
2026-02-04T17:00:00+00:00,31925.0,31925.0,31838.0,31852.0,24,True
2026-02-04T18:00:00+00:00,31910.0,31910.0,31910.0,31910.0,2,True
2026-02-04T20:00:00+00:00,31916.0,31923.0,31906.0,31923.0,3,True
2026-02-05T06:00:00+00:00,31856.0,31856.0,31740.0,31750.0,354,True
2026-02-05T07:00:00+00:00,31750.0,31750.0,31689.0,31720.0,277,True
2026-02-05T08:00:00+00:00,31702.0,31807.0,31702.0,31742.0,137,True
2026-02-05T09:00:00+00:00,31728.0,31771.0,31550.0,31600.0,264,True
2026-02-05T10:00:00+00:00,31643.0,31643.0,31576.0,31630.0,65,True
2026-02-05T11:00:00+00:00,31611.0,31626.0,31557.0,31575.0,40,True
2026-02-05T12:00:00+00:00,31555.0,31643.0,31511.0,31564.0,219,True
2026-02-05T13:00:00+00:00,31522.0,31613.0,31517.0,31587.0,52,True
2026-02-05T14:00:00+00:00,31571.0,31634.0,31571.0,31634.0,4,True
2026-02-05T15:00:00+00:00,31612.0,31612.0,31580.0,31580.0,4,True
2026-02-05T16:00:00+00:00,31580.0,31656.0,31580.0,31650.0,178,True
2026-02-05T18:00:00+00:00,31650.0,31650.0,31622.0,31630.0,5,True
2026-02-05T20:00:00+00:00,31619.0,31675.0,31619.0,31675.0,5,True
2026-02-06T06:00:00+00:00,31649.0,31713.0,31649.0,31688.0,20,True
2026-02-06T07:00:00+00:00,31712.0,31713.0,31555.0,31587.0,66,True
2026-02-06T08:00:00+00:00,31585.0,31681.0,31585.0,31681.0,18,True
2026-02-06T09:00:00+00:00,31610.0,31615.0,31610.0,31615.0,2,True
2026-02-06T10:00:00+00:00,31650.0,31667.0,31610.0,31610.0,18,True
2026-02-06T11:00:00+00:00,31649.0,31651.0,31554.0,31554.0,37,True
2026-02-06T12:00:00+00:00,31608.0,31608.0,31580.0,31580.0,6,True
2026-02-06T13:00:00+00:00,31631.0,31671.0,31600.0,31600.0,32,True
2026-02-06T14:00:00+00:00,31577.0,31577.0,31540.0,31551.0,34,True
2026-02-06T15:00:00+00:00,31535.0,31544.0,31524.0,31525.0,22,True
2026-02-06T16:00:00+00:00,31560.0,31560.0,31560.0,31560.0,3,True
2026-02-06T17:00:00+00:00,31572.0,31577.0,31530.0,31530.0,6,True
2026-02-06T18:00:00+00:00,31530.0,31545.0,31517.0,31517.0,15,True
2026-02-06T19:00:00+00:00,31542.0,31547.0,31542.0,31544.0,23,True
2026-02-06T20:00:00+00:00,31517.0,31517.0,31515.0,31516.0,14,True
2026-02-07T07:00:00+00:00,31584.0,31638.0,31584.0,31606.0,212,True
2026-02-07T08:00:00+00:00,31600.0,31625.0,31600.0,31625.0,4,True
2026-02-07T09:00:00+00:00,31625.0,31630.0,31612.0,31612.0,101,True
2026-02-07T10:00:00+00:00,31677.0,31677.0,31677.0,31677.0,1,True
2026-02-07T11:00:00+00:00,31640.0,31640.0,31633.0,31633.0,4,True
2026-02-07T12:00:00+00:00,31649.0,31650.0,31630.0,31630.0,3,True
2026-02-07T14:00:00+00:00,31642.0,31642.0,31642.0,31642.0,1,True
2026-02-07T15:00:00+00:00,31642.0,31647.0,31642.0,31647.0,7,True
2026-02-08T07:00:00+00:00,31700.0,31700.0,31700.0,31700.0,1,True
2026-02-08T08:00:00+00:00,31636.0,31647.0,31636.0,31646.0,4,True
2026-02-08T09:00:00+00:00,31673.0,31697.0,31672.0,31697.0,41,True
2026-02-08T10:00:00+00:00,31683.0,31683.0,31683.0,31683.0,1,True
2026-02-08T11:00:00+00:00,31665.0,31665.0,31645.0,31645.0,103,True
2026-02-08T13:00:00+00:00,31633.0,31640.0,31633.0,31633.0,4,True
2026-02-08T15:00:00+00:00,31638.0,31638.0,31633.0,31633.0,9,True
2026-02-09T06:00:00+00:00,31573.0,31604.0,31573.0,31604.0,35,True
2026-02-09T07:00:00+00:00,31575.0,31580.0,31500.0,31574.0,94,True
2026-02-09T08:00:00+00:00,31604.0,31737.0,31604.0,31659.0,72,True
2026-02-09T09:00:00+00:00,31640.0,31660.0,31628.0,31639.0,43,True
2026-02-09T10:00:00+00:00,31600.0,31623.0,31589.0,31623.0,22,True
2026-02-09T11:00:00+00:00,31600.0,31611.0,31545.0,31565.0,25,True
2026-02-09T12:00:00+00:00,31545.0,31610.0,31545.0,31610.0,19,True
2026-02-09T14:00:00+00:00,31640.0,31667.0,31640.0,31657.0,3,True
2026-02-09T15:00:00+00:00,31650.0,31650.0,31642.0,31644.0,4,True
2026-02-09T16:00:00+00:00,31674.0,31684.0,31647.0,31682.0,22,True
2026-02-09T17:00:00+00:00,31662.0,31665.0,31660.0,31665.0,8,True
2026-02-09T18:00:00+00:00,31634.0,31643.0,31606.0,31643.0,27,True
2026-02-09T19:00:00+00:00,31580.0,31644.0,31576.0,31578.0,12,True
2026-02-10T06:00:00+00:00,31637.0,31713.0,31617.0,31713.0,23,True
2026-02-10T07:00:00+00:00,31764.0,31906.0,31736.0,31906.0,138,True
2026-02-10T08:00:00+00:00,31908.0,31918.0,31805.0,31805.0,89,True
2026-02-10T09:00:00+00:00,31812.0,31851.0,31766.0,31803.0,59,True
2026-02-10T10:00:00+00:00,31811.0,31811.0,31700.0,31711.0,47,True
2026-02-10T11:00:00+00:00,31761.0,31797.0,31741.0,31741.0,4,True
2026-02-10T12:00:00+00:00,31711.0,31727.0,31711.0,31727.0,2,True
2026-02-10T13:00:00+00:00,31707.0,31752.0,31707.0,31752.0,2,True
2026-02-10T14:00:00+00:00,31766.0,31766.0,31766.0,31766.0,6,True
2026-02-10T15:00:00+00:00,31745.0,31745.0,31745.0,31745.0,3,True
2026-02-10T16:00:00+00:00,31768.0,31768.0,31768.0,31768.0,8,True
2026-02-10T17:00:00+00:00,31696.0,31729.0,31681.0,31729.0,4,True
2026-02-10T19:00:00+00:00,31745.0,31745.0,31736.0,31736.0,3,True
2026-02-11T06:00:00+00:00,31813.0,31818.0,31778.0,31799.0,39,True
2026-02-11T07:00:00+00:00,31800.0,31820.0,31795.0,31804.0,136,True
2026-02-11T08:00:00+00:00,31785.0,31815.0,31770.0,31815.0,9,True
2026-02-11T09:00:00+00:00,31803.0,31889.0,31786.0,31880.0,77,True
2026-02-11T10:00:00+00:00,31863.0,31901.0,31845.0,31900.0,585,True
2026-02-11T11:00:00+00:00,31901.0,31932.0,31863.0,31863.0,1620,True
2026-02-11T12:00:00+00:00,31887.0,32022.0,31887.0,31991.0,128,True
2026-02-11T13:00:00+00:00,31993.0,32176.0,31993.0,32095.0,383,True
2026-02-11T14:00:00+00:00,32117.0,32130.0,32042.0,32096.0,16,True
2026-02-11T15:00:00+00:00,32085.0,32111.0,32026.0,32043.0,19,True
2026-02-11T16:00:00+00:00,32046.0,32074.0,32024.0,32065.0,10,True
2026-02-11T17:00:00+00:00,32046.0,32100.0,32040.0,32082.0,14,True
2026-02-11T18:00:00+00:00,32008.0,32024.0,32001.0,32024.0,17,True
2026-02-11T20:00:00+00:00,32000.0,32000.0,31972.0,31986.0,38,True
2026-02-12T06:00:00+00:00,32003.0,32055.0,31999.0,32020.0,30,True
2026-02-12T07:00:00+00:00,31999.0,32002.0,31930.0,31966.0,59,True
2026-02-12T08:00:00+00:00,31964.0,32029.0,31964.0,32012.0,28,True
2026-02-12T09:00:00+00:00,32009.0,32056.0,32005.0,32056.0,10,True
2026-02-12T10:00:00+00:00,32071.0,32100.0,32058.0,32071.0,62,True
2026-02-12T11:00:00+00:00,32066.0,32100.0,32060.0,32060.0,56,True
2026-02-12T12:00:00+00:00,32065.0,32166.0,32046.0,32166.0,244,True
2026-02-12T13:00:00+00:00,32173.0,32199.0,32170.0,32183.0,99,True
2026-02-12T14:00:00+00:00,32182.0,32185.0,32124.0,32124.0,100,True
2026-02-12T15:00:00+00:00,32149.0,32150.0,32037.0,32097.0,63,True
2026-02-12T16:00:00+00:00,32054.0,32061.0,31976.0,31988.0,79,True
2026-02-12T17:00:00+00:00,32000.0,32015.0,32000.0,32015.0,9,True
2026-02-12T18:00:00+00:00,32016.0,32020.0,31996.0,32020.0,14,True
2026-02-12T19:00:00+00:00,32095.0,32095.0,31980.0,32036.0,20,True
2026-02-12T20:00:00+00:00,31993.0,31993.0,31984.0,31984.0,4,True
2026-02-13T05:00:00+00:00,32009.0,32009.0,32009.0,32009.0,2,True
2026-02-13T06:00:00+00:00,32001.0,32009.0,31900.0,31915.0,88,True
2026-02-13T07:00:00+00:00,31884.0,31915.0,31840.0,31907.0,60,True
2026-02-13T08:00:00+00:00,31919.0,31939.0,31883.0,31925.0,836,True
2026-02-13T09:00:00+00:00,31925.0,32013.0,31921.0,31958.0,1276,True
2026-02-13T10:00:00+00:00,31949.0,32215.0,31928.0,32215.0,260,True
2026-02-13T11:00:00+00:00,32196.0,32231.0,32142.0,32160.0,106,True
2026-02-13T12:00:00+00:00,32185.0,32224.0,32138.0,32170.0,68,True
2026-02-13T13:00:00+00:00,32194.0,32299.0,32179.0,32291.0,77,True
2026-02-13T14:00:00+00:00,32292.0,32299.0,32241.0,32299.0,107,True
2026-02-13T15:00:00+00:00,32297.0,32298.0,32251.0,32251.0,20,True
2026-02-13T16:00:00+00:00,32250.0,32272.0,32232.0,32272.0,91,True
2026-02-13T17:00:00+00:00,32272.0,32299.0,32272.0,32286.0,131,True
2026-02-13T18:00:00+00:00,32295.0,32300.0,32282.0,32292.0,73,True
2026-02-13T19:00:00+00:00,32293.0,32300.0,32278.0,32278.0,34,True
2026-02-13T20:00:00+00:00,32272.0,32299.0,32272.0,32293.0,26,True
2026-02-16T05:00:00+00:00,32313.0,32360.0,32313.0,32360.0,21,True
2026-02-16T06:00:00+00:00,32410.0,32500.0,32393.0,32500.0,198,True
2026-02-16T07:00:00+00:00,32513.0,32653.0,32511.0,32584.0,818,True
2026-02-16T08:00:00+00:00,32577.0,32595.0,32530.0,32595.0,151,True
2026-02-16T09:00:00+00:00,32600.0,32620.0,32560.0,32589.0,119,True
2026-02-16T10:00:00+00:00,32622.0,32680.0,32622.0,32680.0,62,True
2026-02-16T11:00:00+00:00,32672.0,32672.0,32491.0,32527.0,194,True
2026-02-16T12:00:00+00:00,32540.0,32621.0,32532.0,32621.0,48,True
2026-02-16T13:00:00+00:00,32634.0,32640.0,32543.0,32564.0,112,True
2026-02-16T14:00:00+00:00,32565.0,32566.0,32500.0,32512.0,96,True
2026-02-16T15:00:00+00:00,32519.0,32579.0,32510.0,32544.0,8,True
2026-02-16T16:00:00+00:00,32581.0,32581.0,32567.0,32567.0,3,True
2026-02-16T17:00:00+00:00,32550.0,32550.0,32550.0,32550.0,90,True
2026-02-16T18:00:00+00:00,32501.0,32501.0,32501.0,32501.0,1,True
2026-02-16T19:00:00+00:00,32507.0,32517.0,32507.0,32517.0,10,True
2026-02-16T20:00:00+00:00,32539.0,32539.0,32539.0,32539.0,1,True
2026-02-17T06:00:00+00:00,32560.0,32570.0,32526.0,32570.0,47,True
2026-02-17T07:00:00+00:00,32570.0,32680.0,32540.0,32540.0,337,True
2026-02-17T08:00:00+00:00,32547.0,32547.0,32429.0,32429.0,466,True
2026-02-17T09:00:00+00:00,32454.0,32509.0,32454.0,32500.0,45,True
2026-02-17T10:00:00+00:00,32501.0,32559.0,32501.0,32524.0,54,True
2026-02-17T11:00:00+00:00,32529.0,32534.0,32529.0,32530.0,57,True
2026-02-17T12:00:00+00:00,32513.0,32513.0,32372.0,32398.0,161,True
2026-02-17T13:00:00+00:00,32414.0,32432.0,32377.0,32414.0,146,True
2026-02-17T14:00:00+00:00,32457.0,32473.0,32452.0,32467.0,11,True
2026-02-17T15:00:00+00:00,32457.0,32509.0,32453.0,32496.0,51,True
2026-02-17T16:00:00+00:00,32440.0,32473.0,32423.0,32469.0,26,True
2026-02-17T17:00:00+00:00,32499.0,32550.0,32495.0,32497.0,27,True
2026-02-17T19:00:00+00:00,32525.0,32543.0,32517.0,32517.0,27,True
2026-02-17T20:00:00+00:00,32523.0,32526.0,32489.0,32500.0,8,True
2026-02-18T06:00:00+00:00,32457.0,32503.0,32400.0,32417.0,54,True
2026-02-18T07:00:00+00:00,32417.0,32760.0,32417.0,32760.0,383,True
2026-02-18T08:00:00+00:00,32741.0,32790.0,32676.0,32708.0,468,True
2026-02-18T09:00:00+00:00,32700.0,32738.0,32622.0,32656.0,55,True
2026-02-18T10:00:00+00:00,32638.0,32733.0,32578.0,32708.0,93,True
2026-02-18T11:00:00+00:00,32700.0,32713.0,32685.0,32708.0,42,True
2026-02-18T12:00:00+00:00,32661.0,32762.0,32661.0,32729.0,61,True
2026-02-18T13:00:00+00:00,32737.0,32745.0,32721.0,32742.0,22,True
2026-02-18T14:00:00+00:00,32745.0,32797.0,32728.0,32781.0,368,True
2026-02-18T15:00:00+00:00,32795.0,32850.0,32788.0,32820.0,173,True
2026-02-18T16:00:00+00:00,32842.0,32842.0,32823.0,32823.0,8,True
2026-02-18T17:00:00+00:00,32814.0,32822.0,32801.0,32822.0,33,True
2026-02-18T18:00:00+00:00,32827.0,32827.0,32800.0,32826.0,39,True
2026-02-18T19:00:00+00:00,32805.0,32821.0,32801.0,32821.0,43,True
2026-02-18T20:00:00+00:00,32831.0,32831.0,32816.0,32816.0,5,True
2026-02-19T05:00:00+00:00,32831.0,32831.0,32831.0,32831.0,4,True
2026-02-19T06:00:00+00:00,32845.0,32850.0,32827.0,32834.0,28,True
2026-02-19T07:00:00+00:00,32842.0,32900.0,32768.0,32815.0,377,True
2026-02-19T08:00:00+00:00,32822.0,32887.0,32797.0,32814.0,256,True
2026-02-19T09:00:00+00:00,32852.0,32864.0,32773.0,32780.0,86,True
2026-02-19T10:00:00+00:00,32783.0,32783.0,32692.0,32750.0,91,True
2026-02-19T11:00:00+00:00,32758.0,32776.0,32722.0,32722.0,35,True
2026-02-19T12:00:00+00:00,32712.0,32782.0,32666.0,32782.0,1939,True
2026-02-19T13:00:00+00:00,32747.0,32755.0,32701.0,32724.0,162,True
2026-02-19T14:00:00+00:00,32760.0,32770.0,32725.0,32765.0,86,True
2026-02-19T15:00:00+00:00,32751.0,32768.0,32744.0,32756.0,39,True
2026-02-19T16:00:00+00:00,32751.0,32795.0,32751.0,32795.0,165,True
2026-02-19T17:00:00+00:00,32809.0,32833.0,32794.0,32794.0,73,True
2026-02-19T18:00:00+00:00,32794.0,32798.0,32794.0,32798.0,13,True
2026-02-19T19:00:00+00:00,32798.0,33146.0,32798.0,32830.0,524,True
2026-02-19T20:00:00+00:00,32821.0,32821.0,32800.0,32800.0,17,True
2026-02-20T06:00:00+00:00,32770.0,32821.0,32762.0,32798.0,203,True
2026-02-20T07:00:00+00:00,32825.0,32840.0,32790.0,32800.0,183,True
2026-02-20T08:00:00+00:00,32798.0,32828.0,32797.0,32797.0,82,True
2026-02-20T09:00:00+00:00,32781.0,32794.0,32700.0,32734.0,127,True
2026-02-20T10:00:00+00:00,32690.0,32800.0,32651.0,32793.0,151,True
2026-02-20T11:00:00+00:00,32767.0,32813.0,32767.0,32813.0,19,True
2026-02-20T12:00:00+00:00,32827.0,32880.0,32811.0,32880.0,125,True
2026-02-20T13:00:00+00:00,32880.0,32908.0,32833.0,32866.0,125,True
2026-02-20T14:00:00+00:00,32852.0,32852.0,32830.0,32830.0,67,True
2026-02-20T15:00:00+00:00,32830.0,32843.0,32800.0,32800.0,94,True
2026-02-20T16:00:00+00:00,32816.0,32854.0,32816.0,32844.0,29,True
2026-02-20T17:00:00+00:00,32830.0,32830.0,32796.0,32810.0,42,True
2026-02-20T18:00:00+00:00,32793.0,32836.0,32793.0,32836.0,24,True
2026-02-20T19:00:00+00:00,32851.0,32851.0,32851.0,32851.0,2,True
2026-02-20T20:00:00+00:00,32862.0,32863.0,32851.0,32851.0,22,True
2026-02-21T07:00:00+00:00,32840.0,32840.0,32815.0,32815.0,2,True
2026-02-21T08:00:00+00:00,32810.0,32810.0,32810.0,32810.0,1,True
2026-02-21T09:00:00+00:00,32804.0,32804.0,32790.0,32790.0,5,True
2026-02-21T10:00:00+00:00,32784.0,32791.0,32784.0,32791.0,3,True
2026-02-21T11:00:00+00:00,32800.0,32800.0,32800.0,32800.0,1,True
2026-02-21T12:00:00+00:00,32806.0,32832.0,32806.0,32824.0,5,True
2026-02-21T13:00:00+00:00,32827.0,32836.0,32827.0,32836.0,2,True
2026-02-22T07:00:00+00:00,32840.0,32880.0,32840.0,32880.0,43,True
2026-02-22T08:00:00+00:00,32879.0,32880.0,32835.0,32842.0,47,True
2026-02-22T09:00:00+00:00,32849.0,32855.0,32795.0,32795.0,24,True
2026-02-22T12:00:00+00:00,32830.0,32830.0,32814.0,32828.0,3,True
2026-02-22T13:00:00+00:00,32842.0,32843.0,32842.0,32843.0,6,True
2026-02-22T14:00:00+00:00,32828.0,32828.0,32803.0,32819.0,6,True
2026-02-22T15:00:00+00:00,32823.0,32823.0,32816.0,32816.0,3,True
2026-02-23T07:00:00+00:00,32804.0,32834.0,32792.0,32834.0,10,True
2026-02-23T09:00:00+00:00,32830.0,32830.0,32830.0,32830.0,2,True
2026-02-23T10:00:00+00:00,32839.0,32839.0,32839.0,32839.0,1,True
2026-02-23T11:00:00+00:00,32824.0,32827.0,32824.0,32827.0,5,True
2026-02-23T12:00:00+00:00,32841.0,32841.0,32841.0,32841.0,1,True
2026-02-23T13:00:00+00:00,32851.0,32852.0,32851.0,32852.0,10,True
2026-02-23T14:00:00+00:00,32853.0,32863.0,32852.0,32863.0,31,True
2026-02-23T15:00:00+00:00,32867.0,32888.0,32867.0,32888.0,26,True
2026-02-24T05:00:00+00:00,32894.0,32911.0,32894.0,32911.0,2,True
2026-02-24T06:00:00+00:00,32913.0,33013.0,32913.0,32968.0,375,True
2026-02-24T07:00:00+00:00,32972.0,33133.0,32957.0,33100.0,614,True
2026-02-24T08:00:00+00:00,33096.0,33112.0,33036.0,33105.0,153,True
2026-02-24T09:00:00+00:00,33097.0,33097.0,33010.0,33026.0,85,True
2026-02-24T10:00:00+00:00,33026.0,33080.0,32982.0,33009.0,139,True
2026-02-24T11:00:00+00:00,33006.0,33058.0,32996.0,33058.0,58,True
2026-02-24T12:00:00+00:00,33051.0,33085.0,33038.0,33085.0,38,True
2026-02-24T13:00:00+00:00,33072.0,33072.0,33000.0,33000.0,148,True
2026-02-24T14:00:00+00:00,33000.0,33011.0,32935.0,33006.0,434,True
2026-02-24T15:00:00+00:00,32980.0,33025.0,32980.0,32996.0,30,True
2026-02-24T16:00:00+00:00,33000.0,33003.0,32988.0,33002.0,12,True
2026-02-24T17:00:00+00:00,33002.0,33022.0,33002.0,33022.0,4,True
2026-02-24T18:00:00+00:00,33043.0,33082.0,33043.0,33082.0,38,True
2026-02-24T19:00:00+00:00,33064.0,33069.0,33062.0,33068.0,19,True
2026-02-24T20:00:00+00:00,33071.0,33083.0,33069.0,33083.0,8,True
2026-02-25T06:00:00+00:00,33097.0,33133.0,33067.0,33121.0,237,True
2026-02-25T07:00:00+00:00,33116.0,33135.0,33043.0,33043.0,144,True
2026-02-25T08:00:00+00:00,33051.0,33084.0,33051.0,33058.0,46,True
2026-02-25T09:00:00+00:00,33058.0,33108.0,33045.0,33063.0,403,True
2026-02-25T10:00:00+00:00,33072.0,33087.0,33043.0,33071.0,96,True
2026-02-25T11:00:00+00:00,33087.0,33120.0,33002.0,33024.0,1184,True
2026-02-25T12:00:00+00:00,33031.0,33056.0,32999.0,33036.0,470,True
2026-02-25T13:00:00+00:00,33033.0,33033.0,32972.0,33004.0,168,True
2026-02-25T14:00:00+00:00,33003.0,33090.0,33003.0,33048.0,191,True
2026-02-25T15:00:00+00:00,33040.0,33145.0,33040.0,33145.0,300,True
2026-02-25T16:00:00+00:00,33145.0,33150.0,33110.0,33128.0,104,True
2026-02-25T17:00:00+00:00,33135.0,33175.0,33122.0,33175.0,74,True
2026-02-25T18:00:00+00:00,33177.0,33180.0,33128.0,33128.0,37,True
2026-02-25T19:00:00+00:00,33125.0,33134.0,33102.0,33102.0,17,True
2026-02-25T20:00:00+00:00,33139.0,33160.0,33122.0,33152.0,79,True
2026-02-26T05:00:00+00:00,33169.0,33200.0,33169.0,33200.0,6,True
2026-02-26T06:00:00+00:00,33213.0,33244.0,33169.0,33183.0,197,True
2026-02-26T07:00:00+00:00,33185.0,33185.0,33148.0,33170.0,176,True
2026-02-26T08:00:00+00:00,33173.0,33192.0,33135.0,33135.0,89,True
2026-02-26T09:00:00+00:00,33130.0,33151.0,33089.0,33113.0,104,True
2026-02-26T10:00:00+00:00,33110.0,33200.0,33110.0,33186.0,159,True
2026-02-26T11:00:00+00:00,33188.0,33188.0,33130.0,33137.0,102,True
2026-02-26T12:00:00+00:00,33133.0,33164.0,33100.0,33136.0,129,True
2026-02-26T13:00:00+00:00,33121.0,33123.0,33106.0,33118.0,41,True
2026-02-26T14:00:00+00:00,33131.0,33132.0,33068.0,33107.0,106,True
2026-02-26T15:00:00+00:00,33107.0,33112.0,32950.0,32950.0,270,True
2026-02-26T16:00:00+00:00,32950.0,32950.0,32858.0,32944.0,205,True
2026-02-26T17:00:00+00:00,32934.0,32972.0,32934.0,32972.0,67,True
2026-02-26T18:00:00+00:00,32954.0,32961.0,32934.0,32934.0,62,True
2026-02-26T19:00:00+00:00,32951.0,32981.0,32951.0,32971.0,91,True
2026-02-26T20:00:00+00:00,32988.0,32988.0,32950.0,32955.0,36,True
2026-02-27T05:00:00+00:00,32904.0,32904.0,32904.0,32904.0,9,True
2026-02-27T06:00:00+00:00,32903.0,32908.0,32714.0,32715.0,789,True
2026-02-27T07:00:00+00:00,32755.0,32823.0,32716.0,32748.0,325,True
2026-02-27T08:00:00+00:00,32740.0,32800.0,32720.0,32752.0,286,True
2026-02-27T09:00:00+00:00,32752.0,32784.0,32730.0,32784.0,244,True
2026-02-27T10:00:00+00:00,32777.0,32837.0,32777.0,32828.0,65,True
2026-02-27T11:00:00+00:00,32810.0,32929.0,32810.0,32906.0,66,True
2026-02-27T12:00:00+00:00,32935.0,32940.0,32848.0,32848.0,46,True
2026-02-27T13:00:00+00:00,32860.0,32933.0,32852.0,32933.0,97,True
2026-02-27T14:00:00+00:00,32931.0,32939.0,32914.0,32939.0,29,True
2026-02-27T15:00:00+00:00,32958.0,32964.0,32937.0,32964.0,40,True
2026-02-27T16:00:00+00:00,32965.0,32971.0,32910.0,32910.0,24,True
2026-02-27T17:00:00+00:00,32903.0,32935.0,32903.0,32935.0,27,True
2026-02-27T18:00:00+00:00,32942.0,32942.0,32917.0,32917.0,3,True
2026-02-27T19:00:00+00:00,32927.0,32927.0,32895.0,32895.0,25,True
2026-02-27T20:00:00+00:00,32905.0,32927.0,32905.0,32926.0,37,True
2026-02-28T07:00:00+00:00,32911.0,32911.0,32762.0,32762.0,144,True
2026-02-28T08:00:00+00:00,32811.0,32811.0,32738.0,32785.0,12,True
2026-02-28T09:00:00+00:00,32764.0,32764.0,32729.0,32745.0,135,True
2026-02-28T10:00:00+00:00,32756.0,32800.0,32756.0,32770.0,20,True
2026-02-28T11:00:00+00:00,32790.0,32790.0,32740.0,32769.0,16,True
2026-02-28T12:00:00+00:00,32761.0,32769.0,32761.0,32769.0,6,True
2026-02-28T13:00:00+00:00,32752.0,32783.0,32751.0,32781.0,6,True
2026-02-28T14:00:00+00:00,32780.0,32806.0,32763.0,32763.0,28,True
2026-02-28T15:00:00+00:00,32788.0,32796.0,32743.0,32743.0,28,True
2026-03-01T07:00:00+00:00,32773.0,32913.0,32773.0,32908.0,85,True
2026-03-01T08:00:00+00:00,32860.0,32898.0,32849.0,32849.0,69,True
2026-03-01T09:00:00+00:00,32847.0,32875.0,32827.0,32850.0,18,True
2026-03-01T10:00:00+00:00,32835.0,32835.0,32824.0,32830.0,4,True
2026-03-01T11:00:00+00:00,32792.0,32848.0,32792.0,32848.0,11,True
2026-03-01T12:00:00+00:00,32859.0,32859.0,32854.0,32854.0,3,True
2026-03-01T13:00:00+00:00,32851.0,32851.0,32800.0,32800.0,9,True
2026-03-01T14:00:00+00:00,32830.0,32840.0,32792.0,32840.0,65,True
2026-03-01T15:00:00+00:00,32833.0,32864.0,32823.0,32864.0,5,True
2026-03-02T06:00:00+00:00,32801.0,32801.0,32606.0,32620.0,807,True
2026-03-02T07:00:00+00:00,32613.0,32780.0,32590.0,32773.0,696,True
2026-03-02T08:00:00+00:00,32780.0,32880.0,32773.0,32777.0,555,True
2026-03-02T09:00:00+00:00,32777.0,32840.0,32770.0,32840.0,181,True
2026-03-02T10:00:00+00:00,32840.0,32840.0,32760.0,32784.0,395,True
2026-03-02T11:00:00+00:00,32802.0,32840.0,32759.0,32770.0,93,True
2026-03-02T12:00:00+00:00,32776.0,32828.0,32756.0,32812.0,202,True
2026-03-02T13:00:00+00:00,32793.0,32807.0,32745.0,32749.0,105,True
2026-03-02T14:00:00+00:00,32766.0,32780.0,32715.0,32715.0,255,True
2026-03-02T15:00:00+00:00,32722.0,32731.0,32690.0,32719.0,172,True
2026-03-02T16:00:00+00:00,32700.0,32758.0,32691.0,32758.0,54,True
2026-03-02T17:00:00+00:00,32780.0,32786.0,32754.0,32758.0,75,True
2026-03-02T18:00:00+00:00,32742.0,32755.0,32730.0,32730.0,81,True
2026-03-02T19:00:00+00:00,32732.0,32765.0,32732.0,32749.0,25,True
2026-03-02T20:00:00+00:00,32765.0,32780.0,32700.0,32780.0,17,True
2026-03-03T06:00:00+00:00,32686.0,32713.0,32620.0,32620.0,576,True
2026-03-03T07:00:00+00:00,32618.0,32741.0,32567.0,32741.0,1315,True
2026-03-03T08:00:00+00:00,32726.0,32801.0,32726.0,32730.0,277,True
2026-03-03T09:00:00+00:00,32704.0,32715.0,32630.0,32653.0,478,True
2026-03-03T10:00:00+00:00,32650.0,32650.0,32577.0,32635.0,323,True
2026-03-03T11:00:00+00:00,32594.0,32661.0,32594.0,32661.0,77,True
2026-03-03T12:00:00+00:00,32660.0,32660.0,32610.0,32620.0,46,True
2026-03-03T13:00:00+00:00,32609.0,32609.0,32500.0,32580.0,1283,True
2026-03-03T14:00:00+00:00,32580.0,32628.0,32568.0,32576.0,1440,True
2026-03-03T15:00:00+00:00,32568.0,32568.0,32470.0,32470.0,287,True
2026-03-03T16:00:00+00:00,32470.0,32600.0,32435.0,32536.0,366,True
2026-03-03T17:00:00+00:00,32527.0,32547.0,32505.0,32544.0,69,True
2026-03-03T18:00:00+00:00,32555.0,32570.0,32542.0,32560.0,26,True
2026-03-03T19:00:00+00:00,32560.0,32566.0,32557.0,32557.0,16,True
2026-03-03T20:00:00+00:00,32566.0,32586.0,32542.0,32579.0,50,True
2026-03-04T05:00:00+00:00,32600.0,32600.0,32600.0,32600.0,1,True
2026-03-04T06:00:00+00:00,32613.0,32613.0,32547.0,32575.0,100,True
2026-03-04T07:00:00+00:00,32560.0,32625.0,32536.0,32593.0,735,True
2026-03-04T08:00:00+00:00,32593.0,32593.0,32552.0,32579.0,107,True
2026-03-04T09:00:00+00:00,32593.0,32605.0,32552.0,32552.0,69,True
2026-03-04T10:00:00+00:00,32574.0,32598.0,32566.0,32588.0,86,True
2026-03-04T11:00:00+00:00,32577.0,32579.0,32549.0,32555.0,516,True
2026-03-04T12:00:00+00:00,32572.0,32580.0,32532.0,32534.0,111,True
2026-03-04T13:00:00+00:00,32534.0,32534.0,32451.0,32494.0,323,True
2026-03-04T14:00:00+00:00,32485.0,32490.0,32430.0,32443.0,292,True
2026-03-04T15:00:00+00:00,32439.0,32501.0,32434.0,32484.0,73,True
2026-03-04T16:00:00+00:00,32540.0,32549.0,32513.0,32530.0,124,True
2026-03-04T17:00:00+00:00,32528.0,32534.0,32514.0,32518.0,45,True
2026-03-04T18:00:00+00:00,32497.0,32512.0,32460.0,32481.0,223,True
2026-03-04T19:00:00+00:00,32466.0,32478.0,32465.0,32465.0,12,True
2026-03-04T20:00:00+00:00,32472.0,32472.0,32452.0,32462.0,36,True
2026-03-05T06:00:00+00:00,32526.0,32549.0,32494.0,32549.0,104,True
2026-03-05T07:00:00+00:00,32546.0,32640.0,32513.0,32614.0,320,True
2026-03-05T08:00:00+00:00,32606.0,32609.0,32549.0,32609.0,107,True
2026-03-05T09:00:00+00:00,32579.0,32591.0,32503.0,32503.0,115,True
2026-03-05T10:00:00+00:00,32516.0,32594.0,32500.0,32588.0,136,True
2026-03-05T11:00:00+00:00,32597.0,32861.0,32597.0,32836.0,863,True
2026-03-05T12:00:00+00:00,32843.0,32900.0,32794.0,32800.0,792,True
2026-03-05T13:00:00+00:00,32829.0,32872.0,32822.0,32849.0,105,True
2026-03-05T14:00:00+00:00,32868.0,32873.0,32805.0,32832.0,88,True
2026-03-05T15:00:00+00:00,32840.0,32860.0,32827.0,32860.0,291,True
2026-03-05T16:00:00+00:00,32857.0,32866.0,32844.0,32855.0,248,True
2026-03-05T17:00:00+00:00,32855.0,32900.0,32855.0,32899.0,145,True
2026-03-05T18:00:00+00:00,32886.0,32911.0,32842.0,32842.0,219,True
2026-03-05T19:00:00+00:00,32850.0,32857.0,32795.0,32795.0,105,True
2026-03-05T20:00:00+00:00,32810.0,32810.0,32781.0,32794.0,77,True
2026-03-06T06:00:00+00:00,32817.0,32825.0,32800.0,32822.0,119,True
2026-03-06T07:00:00+00:00,32810.0,32840.0,32810.0,32840.0,320,True
2026-03-06T08:00:00+00:00,32860.0,32910.0,32824.0,32824.0,258,True
2026-03-06T09:00:00+00:00,32803.0,32813.0,32733.0,32735.0,242,True
2026-03-06T10:00:00+00:00,32724.0,32745.0,32709.0,32737.0,565,True
2026-03-06T11:00:00+00:00,32706.0,32738.0,32703.0,32722.0,380,True
2026-03-06T12:00:00+00:00,32728.0,32738.0,32702.0,32722.0,370,True
2026-03-06T13:00:00+00:00,32722.0,32758.0,32700.0,32700.0,493,True
2026-03-06T14:00:00+00:00,32712.0,32777.0,32676.0,32746.0,72,True
2026-03-06T15:00:00+00:00,32745.0,32753.0,32715.0,32747.0,74,True
2026-03-06T16:00:00+00:00,32732.0,32734.0,32711.0,32719.0,49,True
2026-03-06T17:00:00+00:00,32727.0,32739.0,32693.0,32702.0,40,True
2026-03-06T18:00:00+00:00,32718.0,32764.0,32718.0,32758.0,129,True
2026-03-06T19:00:00+00:00,32753.0,32753.0,32735.0,32750.0,12,True
2026-03-06T20:00:00+00:00,32729.0,32756.0,32713.0,32733.0,104,True
2026-03-09T05:00:00+00:00,32813.0,32813.0,32813.0,32813.0,5,True
2026-03-09T06:00:00+00:00,32764.0,32826.0,32675.0,32736.0,423,True
2026-03-09T07:00:00+00:00,32735.0,32875.0,32735.0,32850.0,497,True
2026-03-09T08:00:00+00:00,32823.0,32845.0,32758.0,32786.0,176,True
2026-03-09T09:00:00+00:00,32798.0,33050.0,32798.0,32926.0,926,True
2026-03-09T10:00:00+00:00,32950.0,32950.0,32801.0,32858.0,204,True
2026-03-09T11:00:00+00:00,32869.0,32912.0,32857.0,32886.0,86,True
2026-03-09T12:00:00+00:00,32899.0,32913.0,32871.0,32902.0,213,True
2026-03-09T13:00:00+00:00,32908.0,32919.0,32854.0,32855.0,140,True
2026-03-09T14:00:00+00:00,32855.0,32882.0,32848.0,32875.0,120,True
2026-03-09T15:00:00+00:00,32894.0,32942.0,32860.0,32926.0,202,True
2026-03-09T16:00:00+00:00,32933.0,32950.0,32887.0,32900.0,86,True
2026-03-09T17:00:00+00:00,32901.0,32901.0,32850.0,32860.0,54,True
2026-03-09T18:00:00+00:00,32856.0,32865.0,32836.0,32865.0,47,True
2026-03-09T19:00:00+00:00,32837.0,32992.0,32790.0,32992.0,216,True
2026-03-09T20:00:00+00:00,32991.0,33002.0,32900.0,32913.0,137,True
2026-03-10T05:00:00+00:00,32913.0,32913.0,32913.0,32913.0,5,True
2026-03-10T06:00:00+00:00,32913.0,33057.0,32913.0,33024.0,660,True
2026-03-10T07:00:00+00:00,33024.0,33139.0,32997.0,33092.0,1550,True
2026-03-10T08:00:00+00:00,33100.0,33133.0,33053.0,33063.0,411,True
2026-03-10T09:00:00+00:00,33089.0,33095.0,33000.0,33049.0,243,True
2026-03-10T10:00:00+00:00,33064.0,33131.0,33062.0,33072.0,210,True
2026-03-10T11:00:00+00:00,33071.0,33073.0,32982.0,33021.0,191,True
2026-03-10T12:00:00+00:00,33014.0,33014.0,32908.0,32934.0,2830,True
2026-03-10T13:00:00+00:00,32945.0,32949.0,32815.0,32821.0,762,True
2026-03-10T14:00:00+00:00,32807.0,32840.0,32670.0,32724.0,1880,True
2026-03-10T15:00:00+00:00,32720.0,32748.0,32631.0,32640.0,930,True
2026-03-10T16:00:00+00:00,32645.0,32719.0,32623.0,32635.0,952,True
2026-03-10T17:00:00+00:00,32632.0,32764.0,32632.0,32742.0,165,True
2026-03-10T18:00:00+00:00,32736.0,32798.0,32657.0,32732.0,632,True
2026-03-10T19:00:00+00:00,32722.0,32749.0,32717.0,32747.0,106,True
2026-03-10T20:00:00+00:00,32746.0,32751.0,32724.0,32751.0,172,True
2026-03-11T06:00:00+00:00,32751.0,32894.0,32700.0,32867.0,741,True
2026-03-11T07:00:00+00:00,32868.0,32935.0,32840.0,32880.0,754,True
2026-03-11T08:00:00+00:00,32888.0,32898.0,32800.0,32861.0,376,True
2026-03-11T09:00:00+00:00,32876.0,32898.0,32845.0,32845.0,245,True
2026-03-11T10:00:00+00:00,32832.0,32874.0,32809.0,32835.0,111,True
2026-03-11T11:00:00+00:00,32843.0,32869.0,32836.0,32855.0,215,True
2026-03-11T12:00:00+00:00,32871.0,32890.0,32775.0,32804.0,222,True
2026-03-11T13:00:00+00:00,32784.0,32798.0,32709.0,32729.0,443,True
2026-03-11T14:00:00+00:00,32745.0,32774.0,32718.0,32721.0,350,True
2026-03-11T15:00:00+00:00,32721.0,32740.0,32701.0,32710.0,460,True
2026-03-11T16:00:00+00:00,32716.0,32737.0,32700.0,32737.0,96,True
2026-03-11T17:00:00+00:00,32737.0,32754.0,32713.0,32753.0,182,True
2026-03-11T18:00:00+00:00,32753.0,32767.0,32740.0,32767.0,119,True
2026-03-11T19:00:00+00:00,32770.0,32774.0,32751.0,32760.0,54,True
2026-03-11T20:00:00+00:00,32761.0,32764.0,32750.0,32761.0,39,True
2026-03-12T06:00:00+00:00,32773.0,32823.0,32756.0,32774.0,338,True
2026-03-12T07:00:00+00:00,32774.0,32808.0,32742.0,32758.0,237,True
2026-03-12T08:00:00+00:00,32798.0,32824.0,32771.0,32814.0,653,True
2026-03-12T09:00:00+00:00,32813.0,32821.0,32766.0,32810.0,344,True
2026-03-12T10:00:00+00:00,32807.0,32824.0,32783.0,32793.0,190,True
2026-03-12T11:00:00+00:00,32800.0,32888.0,32789.0,32854.0,482,True
2026-03-12T12:00:00+00:00,32843.0,32861.0,32821.0,32833.0,118,True
2026-03-12T13:00:00+00:00,32826.0,32900.0,32826.0,32882.0,929,True
2026-03-12T14:00:00+00:00,32888.0,33016.0,32887.0,33011.0,2111,True
2026-03-12T15:00:00+00:00,33007.0,33049.0,32963.0,32980.0,1045,True
2026-03-12T16:00:00+00:00,32976.0,32993.0,32936.0,32944.0,143,True
2026-03-12T17:00:00+00:00,32951.0,32969.0,32937.0,32937.0,119,True
2026-03-12T18:00:00+00:00,32938.0,32974.0,32938.0,32974.0,246,True
2026-03-12T19:00:00+00:00,32966.0,32979.0,32948.0,32965.0,187,True
2026-03-12T20:00:00+00:00,32940.0,32946.0,32886.0,32922.0,314,True
2026-03-13T05:00:00+00:00,32961.0,33007.0,32961.0,33007.0,21,True
2026-03-13T06:00:00+00:00,33020.0,33066.0,32965.0,33014.0,1256,True
2026-03-13T07:00:00+00:00,33008.0,33081.0,33006.0,33049.0,1470,True
2026-03-13T08:00:00+00:00,33048.0,33085.0,33000.0,33000.0,677,True
2026-03-13T09:00:00+00:00,33000.0,33036.0,32980.0,32992.0,496,True
2026-03-13T10:00:00+00:00,32991.0,33021.0,32980.0,33006.0,322,True
2026-03-13T11:00:00+00:00,32986.0,33052.0,32980.0,33026.0,2055,True
2026-03-13T12:00:00+00:00,33021.0,33025.0,33000.0,33020.0,2480,True
2026-03-13T13:00:00+00:00,33017.0,33017.0,32952.0,32978.0,1503,True
2026-03-13T14:00:00+00:00,32978.0,32978.0,32900.0,32952.0,683,True
2026-03-13T15:00:00+00:00,32946.0,32952.0,32930.0,32942.0,156,True
2026-03-13T16:00:00+00:00,32943.0,32963.0,32936.0,32962.0,252,True
2026-03-13T17:00:00+00:00,32955.0,32965.0,32941.0,32959.0,325,True
2026-03-13T18:00:00+00:00,32957.0,32971.0,32942.0,32943.0,178,True
2026-03-13T19:00:00+00:00,32943.0,32962.0,32943.0,32952.0,85,True
2026-03-13T20:00:00+00:00,32960.0,32961.0,32949.0,32949.0,24,True
2026-03-14T07:00:00+00:00,32948.0,32962.0,32948.0,32958.0,33,True
2026-03-14T08:00:00+00:00,32968.0,32973.0,32959.0,32968.0,54,True
2026-03-14T09:00:00+00:00,32963.0,33029.0,32960.0,32999.0,960,True
2026-03-14T10:00:00+00:00,33000.0,33004.0,32985.0,32994.0,38,True
2026-03-14T11:00:00+00:00,32990.0,32991.0,32982.0,32988.0,85,True
2026-03-14T12:00:00+00:00,32988.0,32994.0,32986.0,32994.0,197,True
2026-03-14T13:00:00+00:00,32997.0,33003.0,32997.0,33000.0,224,True
2026-03-14T14:00:00+00:00,33000.0,33003.0,33000.0,33000.0,269,True
2026-03-14T15:00:00+00:00,33000.0,33003.0,32997.0,32997.0,21,True
2026-03-15T07:00:00+00:00,33001.0,33017.0,33001.0,33011.0,96,True
2026-03-15T08:00:00+00:00,33011.0,33013.0,32991.0,33013.0,100,True
2026-03-15T09:00:00+00:00,33010.0,33010.0,33007.0,33008.0,13,True
2026-03-15T10:00:00+00:00,33008.0,33015.0,32995.0,33015.0,94,True
2026-03-15T11:00:00+00:00,33015.0,33015.0,33001.0,33005.0,64,True
2026-03-15T12:00:00+00:00,33010.0,33012.0,33000.0,33005.0,27,True
2026-03-15T13:00:00+00:00,33006.0,33008.0,32992.0,33008.0,38,True
2026-03-15T14:00:00+00:00,33002.0,33008.0,32996.0,33008.0,74,True
2026-03-15T15:00:00+00:00,33008.0,33024.0,33007.0,33017.0,61,True
2026-03-16T06:00:00+00:00,33018.0,33090.0,32970.0,33058.0,1718,True
2026-03-16T07:00:00+00:00,33070.0,33181.0,33070.0,33133.0,5560,True
2026-03-16T08:00:00+00:00,33141.0,33191.0,33115.0,33119.0,2286,True
2026-03-16T09:00:00+00:00,33120.0,33134.0,32955.0,33001.0,4497,True
2026-03-16T10:00:00+00:00,33002.0,33014.0,32976.0,32998.0,1099,True
2026-03-16T11:00:00+00:00,32991.0,33000.0,32929.0,32963.0,1941,True
2026-03-16T12:00:00+00:00,32963.0,32996.0,32892.0,32908.0,1585,True
2026-03-16T13:00:00+00:00,32893.0,32940.0,32864.0,32940.0,3450,True
2026-03-16T14:00:00+00:00,32934.0,32941.0,32921.0,32924.0,665,True
2026-03-16T15:00:00+00:00,32923.0,32936.0,32870.0,32887.0,1133,True
2026-03-16T16:00:00+00:00,32895.0,32943.0,32877.0,32940.0,678,True
2026-03-16T17:00:00+00:00,32943.0,32950.0,32918.0,32922.0,694,True
2026-03-16T18:00:00+00:00,32917.0,32927.0,32887.0,32898.0,554,True
2026-03-16T19:00:00+00:00,32896.0,32899.0,32871.0,32893.0,544,True
2026-03-16T20:00:00+00:00,32893.0,32900.0,32877.0,32900.0,148,True
2026-03-17T05:00:00+00:00,32909.0,32914.0,32909.0,32914.0,18,True
2026-03-17T06:00:00+00:00,32914.0,32978.0,32865.0,32917.0,1725,True
2026-03-17T07:00:00+00:00,32920.0,32984.0,32908.0,32973.0,1307,True
2026-03-17T08:00:00+00:00,32974.0,33008.0,32855.0,32859.0,3367,True
2026-03-17T09:00:00+00:00,32861.0,33013.0,32832.0,32973.0,15912,True
2026-03-17T10:00:00+00:00,32971.0,33039.0,32953.0,33000.0,1616,True
2026-03-17T11:00:00+00:00,33000.0,33175.0,33000.0,33154.0,12620,True
2026-03-17T12:00:00+00:00,33167.0,33200.0,33114.0,33158.0,8936,True
2026-03-17T13:00:00+00:00,33160.0,33170.0,33093.0,33128.0,3411,True
2026-03-17T14:00:00+00:00,33128.0,33162.0,33096.0,33101.0,2233,True
2026-03-17T15:00:00+00:00,33105.0,33119.0,33063.0,33076.0,3935,True
2026-03-17T16:00:00+00:00,33082.0,33139.0,33064.0,33130.0,971,True
2026-03-17T17:00:00+00:00,33129.0,33189.0,33127.0,33145.0,2212,True
2026-03-17T18:00:00+00:00,33145.0,33174.0,33141.0,33169.0,1100,True
2026-03-17T19:00:00+00:00,33170.0,33177.0,33145.0,33177.0,1418,True
2026-03-17T20:00:00+00:00,33177.0,33245.0,33173.0,33222.0,2197,True
2026-03-18T05:00:00+00:00,33300.0,33301.0,33275.0,33296.0,286,True
2026-03-18T06:00:00+00:00,33308.0,33404.0,33298.0,33337.0,7410,True
2026-03-18T07:00:00+00:00,33346.0,33485.0,33329.0,33383.0,11254,True
2026-03-18T08:00:00+00:00,33388.0,33421.0,33333.0,33363.0,8767,True
2026-03-18T09:00:00+00:00,33363.0,33454.0,33335.0,33433.0,5617,True
2026-03-18T10:00:00+00:00,33434.0,33493.0,33369.0,33395.0,6512,True
2026-03-18T11:00:00+00:00,33392.0,33437.0,33356.0,33356.0,2881,True
2026-03-18T12:00:00+00:00,33356.0,33449.0,33350.0,33363.0,5415,True
2026-03-18T13:00:00+00:00,33359.0,33362.0,33240.0,33252.0,11149,True
2026-03-18T14:00:00+00:00,33251.0,33350.0,33244.0,33350.0,12854,True
2026-03-18T15:00:00+00:00,33347.0,33424.0,33335.0,33381.0,4831,True
2026-03-18T16:00:00+00:00,33351.0,33434.0,33300.0,33420.0,1779,True
2026-03-18T17:00:00+00:00,33421.0,33422.0,33373.0,33389.0,1248,True
2026-03-18T18:00:00+00:00,33388.0,33390.0,33369.0,33370.0,1149,True
2026-03-18T19:00:00+00:00,33370.0,33385.0,33354.0,33355.0,2512,True
2026-03-18T20:00:00+00:00,33354.0,33369.0,33285.0,33367.0,2985,True
2026-03-19T05:00:00+00:00,33375.0,33375.0,33371.0,33375.0,11,True
2026-03-19T06:00:00+00:00,33375.0,33385.0,33293.0,33318.0,4187,True
2026-03-19T07:00:00+00:00,33317.0,33425.0,33284.0,33419.0,13361,True
2026-03-19T08:00:00+00:00,33416.0,33426.0,33283.0,33330.0,12065,True
2026-03-19T09:00:00+00:00,33330.0,33379.0,33306.0,33307.0,4652,True
2026-03-19T10:00:00+00:00,33307.0,33345.0,33306.0,33340.0,3303,True
2026-03-19T11:00:00+00:00,33341.0,33357.0,33307.0,33328.0,3199,True
2026-03-19T12:00:00+00:00,33332.0,33349.0,33179.0,33180.0,11854,True
2026-03-19T13:00:00+00:00,33180.0,33273.0,33174.0,33270.0,5622,True
2026-03-19T14:00:00+00:00,33271.0,33300.0,33261.0,33267.0,2932,True
2026-03-19T15:00:00+00:00,33261.0,33313.0,33220.0,33271.0,4723,True
2026-03-19T16:00:00+00:00,33265.0,33281.0,33246.0,33268.0,629,True
2026-03-19T17:00:00+00:00,33266.0,33276.0,33252.0,33253.0,559,True
2026-03-19T18:00:00+00:00,33257.0,33271.0,33236.0,33266.0,764,True
2026-03-19T19:00:00+00:00,33270.0,33318.0,33259.0,33311.0,759,True
2026-03-19T20:00:00+00:00,33315.0,33335.0,33286.0,33335.0,953,True
2026-03-20T05:00:00+00:00,33311.0,33311.0,33311.0,33311.0,41,True
2026-03-20T06:00:00+00:00,33334.0,33378.0,33311.0,33368.0,3265,True
2026-03-20T07:00:00+00:00,33365.0,33409.0,33351.0,33409.0,10231,True
2026-03-20T08:00:00+00:00,33409.0,33448.0,33363.0,33389.0,6636,True
2026-03-20T09:00:00+00:00,33390.0,33450.0,33389.0,33432.0,12558,True
2026-03-20T10:00:00+00:00,33432.0,33450.0,33267.0,33334.0,14113,True
2026-03-20T11:00:00+00:00,33335.0,33353.0,33281.0,33312.0,3612,True
2026-03-20T12:00:00+00:00,33316.0,33347.0,33289.0,33339.0,2516,True
2026-03-20T13:00:00+00:00,33339.0,33344.0,33270.0,33285.0,3162,True
2026-03-20T14:00:00+00:00,33283.0,33320.0,33238.0,33286.0,5833,True
2026-03-20T15:00:00+00:00,33285.0,33299.0,33190.0,33219.0,3870,True
2026-03-23T05:00:00+00:00,33219.0,33240.0,33219.0,33240.0,46,True
2026-03-23T06:00:00+00:00,33240.0,33244.0,33127.0,33220.0,6530,True
2026-03-23T07:00:00+00:00,33217.0,33219.0,33001.0,33126.0,13840,True
2026-03-23T08:00:00+00:00,33126.0,33126.0,33003.0,33022.0,6830,True
2026-03-23T09:00:00+00:00,33021.0,33058.0,32950.0,32957.0,6451,True
2026-03-23T10:00:00+00:00,32955.0,32956.0,32559.0,32600.0,43623,True
2026-03-23T11:00:00+00:00,32601.0,32746.0,32456.0,32729.0,33847,True
2026-03-23T12:00:00+00:00,32729.0,32775.0,32600.0,32700.0,12163,True
2026-03-23T13:00:00+00:00,32700.0,32796.0,32631.0,32750.0,5328,True
2026-03-23T14:00:00+00:00,32749.0,32774.0,32687.0,32757.0,4094,True
2026-03-23T15:00:00+00:00,32758.0,32795.0,32712.0,32789.0,4741,True
2026-03-23T16:00:00+00:00,32785.0,32809.0,32767.0,32793.0,2033,True
2026-03-23T17:00:00+00:00,32793.0,32810.0,32782.0,32799.0,1496,True
2026-03-23T18:00:00+00:00,32799.0,32817.0,32789.0,32804.0,780,True
2026-03-23T19:00:00+00:00,32798.0,32800.0,32752.0,32785.0,942,True
2026-03-23T20:00:00+00:00,32784.0,32796.0,32678.0,32742.0,1349,True
2026-03-24T05:00:00+00:00,32774.0,32774.0,32774.0,32774.0,32,True
2026-03-24T06:00:00+00:00,32774.0,32797.0,32700.0,32727.0,3165,True
2026-03-24T07:00:00+00:00,32727.0,32768.0,32464.0,32676.0,21905,True
2026-03-24T08:00:00+00:00,32677.0,32702.0,32657.0,32662.0,2429,True
2026-03-24T09:00:00+00:00,32662.0,32767.0,32625.0,32691.0,5589,True
2026-03-24T10:00:00+00:00,32690.0,32751.0,32627.0,32682.0,3476,True
2026-03-24T11:00:00+00:00,32677.0,32719.0,32647.0,32685.0,1050,True
2026-03-24T12:00:00+00:00,32685.0,32700.0,32612.0,32625.0,2276,True
2026-03-24T13:00:00+00:00,32625.0,32671.0,32606.0,32660.0,1799,True
2026-03-24T14:00:00+00:00,32661.0,32752.0,32661.0,32732.0,6988,True
2026-03-24T15:00:00+00:00,32728.0,32751.0,32721.0,32739.0,2149,True
2026-03-24T16:00:00+00:00,32741.0,32744.0,32708.0,32738.0,1396,True
2026-03-24T17:00:00+00:00,32737.0,32747.0,32704.0,32724.0,632,True
2026-03-24T18:00:00+00:00,32720.0,32729.0,32702.0,32729.0,415,True
2026-03-24T19:00:00+00:00,32729.0,32752.0,32717.0,32736.0,1133,True
2026-03-24T20:00:00+00:00,32737.0,32751.0,32676.0,32720.0,1340,True
2026-03-25T05:00:00+00:00,32777.0,32777.0,32777.0,32777.0,37,True
2026-03-25T06:00:00+00:00,32778.0,32846.0,32777.0,32797.0,4432,True
2026-03-25T07:00:00+00:00,32796.0,32830.0,32747.0,32771.0,4038,True
2026-03-25T08:00:00+00:00,32773.0,32787.0,32741.0,32755.0,1454,True
2026-03-25T09:00:00+00:00,32754.0,32754.0,32710.0,32721.0,1844,True
2026-03-25T10:00:00+00:00,32723.0,32725.0,32690.0,32694.0,2176,True
2026-03-25T11:00:00+00:00,32695.0,32752.0,32688.0,32714.0,2814,True
2026-03-25T12:00:00+00:00,32713.0,32713.0,32627.0,32677.0,3990,True
2026-03-25T13:00:00+00:00,32673.0,32692.0,32614.0,32683.0,3418,True
2026-03-25T14:00:00+00:00,32683.0,32760.0,32682.0,32756.0,3169,True
2026-03-25T15:00:00+00:00,32757.0,32761.0,32691.0,32714.0,1793,True
2026-03-25T16:00:00+00:00,32714.0,32725.0,32694.0,32703.0,1073,True
2026-03-25T17:00:00+00:00,32707.0,32722.0,32678.0,32695.0,582,True
2026-03-25T18:00:00+00:00,32699.0,32706.0,32681.0,32700.0,376,True
2026-03-25T19:00:00+00:00,32687.0,32697.0,32672.0,32681.0,411,True
2026-03-25T20:00:00+00:00,32680.0,32689.0,32662.0,32685.0,369,True
2026-03-26T05:00:00+00:00,32720.0,32720.0,32720.0,32720.0,22,True
2026-03-26T06:00:00+00:00,32718.0,32720.0,32659.0,32699.0,1461,True
2026-03-26T07:00:00+00:00,32698.0,32713.0,32633.0,32680.0,4050,True
2026-03-26T08:00:00+00:00,32680.0,32688.0,32537.0,32622.0,12926,True
2026-03-26T09:00:00+00:00,32623.0,32658.0,32611.0,32627.0,1840,True
2026-03-26T10:00:00+00:00,32625.0,32634.0,32570.0,32612.0,2018,True
2026-03-26T11:00:00+00:00,32610.0,32662.0,32593.0,32656.0,1521,True
2026-03-26T12:00:00+00:00,32656.0,32660.0,32594.0,32610.0,2932,True
2026-03-26T13:00:00+00:00,32610.0,32617.0,32554.0,32570.0,2624,True
2026-03-26T14:00:00+00:00,32571.0,32605.0,32558.0,32559.0,1168,True
2026-03-26T15:00:00+00:00,32559.0,32582.0,32513.0,32554.0,3396,True
2026-03-26T16:00:00+00:00,32554.0,32572.0,32528.0,32562.0,700,True
2026-03-26T17:00:00+00:00,32562.0,32595.0,32548.0,32556.0,2051,True
2026-03-26T18:00:00+00:00,32558.0,32591.0,32550.0,32567.0,1096,True
2026-03-26T19:00:00+00:00,32567.0,32572.0,32480.0,32504.0,3497,True
2026-03-26T20:00:00+00:00,32508.0,32586.0,32508.0,32579.0,1421,True
2026-03-27T05:00:00+00:00,32554.0,32554.0,32554.0,32554.0,9,True
2026-03-27T06:00:00+00:00,32554.0,32600.0,32521.0,32585.0,1874,True
2026-03-27T07:00:00+00:00,32581.0,32642.0,32511.0,32568.0,7327,True
2026-03-27T08:00:00+00:00,32557.0,32573.0,32159.0,32232.0,35072,True
2026-03-27T09:00:00+00:00,32232.0,32248.0,32162.0,32174.0,10246,True
2026-03-27T10:00:00+00:00,32175.0,32175.0,32085.0,32119.0,8225,True
2026-03-27T11:00:00+00:00,32118.0,32198.0,32109.0,32152.0,6256,True
2026-03-27T12:00:00+00:00,32152.0,32186.0,32060.0,32061.0,5221,True
2026-03-27T13:00:00+00:00,32061.0,32114.0,32015.0,32078.0,7672,True
2026-03-27T14:00:00+00:00,32073.0,32125.0,32052.0,32057.0,4450,True
2026-03-27T15:00:00+00:00,32057.0,32158.0,32043.0,32147.0,5819,True
2026-03-27T16:00:00+00:00,32147.0,32163.0,32127.0,32137.0,786,True
2026-03-27T17:00:00+00:00,32136.0,32156.0,32119.0,32131.0,754,True
2026-03-27T18:00:00+00:00,32131.0,32141.0,32119.0,32119.0,627,True
2026-03-27T19:00:00+00:00,32127.0,32149.0,32125.0,32129.0,527,True
2026-03-27T20:00:00+00:00,32126.0,32130.0,32078.0,32091.0,848,True
2026-03-28T07:00:00+00:00,32123.0,32135.0,32073.0,32099.0,650,True
2026-03-28T08:00:00+00:00,32099.0,32103.0,32099.0,32101.0,1224,True
2026-03-28T09:00:00+00:00,32100.0,32100.0,32098.0,32099.0,87,True
2026-03-28T10:00:00+00:00,32100.0,32100.0,32098.0,32100.0,428,True
2026-03-28T11:00:00+00:00,32099.0,32109.0,32099.0,32108.0,1097,True
2026-03-28T12:00:00+00:00,32103.0,32125.0,32101.0,32125.0,86,True
2026-03-28T13:00:00+00:00,32125.0,32128.0,32107.0,32107.0,280,True
2026-03-28T14:00:00+00:00,32107.0,32111.0,32105.0,32111.0,52,True
2026-03-28T15:00:00+00:00,32110.0,32170.0,32110.0,32162.0,874,True
2026-03-29T07:00:00+00:00,32121.0,32168.0,32109.0,32139.0,187,True
2026-03-29T08:00:00+00:00,32137.0,32164.0,32132.0,32164.0,176,True
2026-03-29T09:00:00+00:00,32162.0,32170.0,32161.0,32163.0,94,True
2026-03-29T10:00:00+00:00,32168.0,32200.0,32168.0,32180.0,233,True
2026-03-29T11:00:00+00:00,32194.0,32214.0,32188.0,32202.0,238,True
2026-03-29T12:00:00+00:00,32206.0,32223.0,32187.0,32222.0,385,True
2026-03-29T13:00:00+00:00,32223.0,32233.0,32217.0,32233.0,375,True
2026-03-29T14:00:00+00:00,32221.0,32237.0,32208.0,32236.0,310,True
2026-03-29T15:00:00+00:00,32237.0,32240.0,32222.0,32222.0,230,True
2026-03-30T05:00:00+00:00,32262.0,32262.0,32262.0,32262.0,33,True
2026-03-30T06:00:00+00:00,32263.0,32330.0,32250.0,32252.0,4708,True
2026-03-30T07:00:00+00:00,32250.0,32291.0,32127.0,32127.0,7776,True
2026-03-30T08:00:00+00:00,32128.0,32136.0,31965.0,32110.0,18072,True
2026-03-30T09:00:00+00:00,32109.0,32485.0,32075.0,32403.0,25864,True
2026-03-30T10:00:00+00:00,32402.0,32474.0,32356.0,32445.0,5125,True
2026-03-30T11:00:00+00:00,32445.0,32479.0,32314.0,32336.0,6676,True
2026-03-30T12:00:00+00:00,32337.0,32448.0,32335.0,32436.0,2120,True
2026-03-30T13:00:00+00:00,32437.0,32457.0,32241.0,32263.0,9368,True
2026-03-30T14:00:00+00:00,32259.0,32302.0,32200.0,32243.0,5794,True
2026-03-30T15:00:00+00:00,32237.0,32395.0,32236.0,32350.0,7011,True
2026-03-30T16:00:00+00:00,32350.0,32383.0,32349.0,32358.0,1187,True
2026-03-30T17:00:00+00:00,32357.0,32364.0,32338.0,32364.0,661,True
2026-03-30T18:00:00+00:00,32363.0,32364.0,32325.0,32325.0,544,True
2026-03-30T19:00:00+00:00,32325.0,32350.0,32323.0,32335.0,243,True
2026-03-30T20:00:00+00:00,32349.0,32375.0,32310.0,32375.0,603,True
2026-03-31T05:00:00+00:00,32370.0,32370.0,32370.0,32370.0,2,True
2026-03-31T06:00:00+00:00,32359.0,32363.0,32295.0,32307.0,2033,True
2026-03-31T07:00:00+00:00,32311.0,32320.0,32201.0,32212.0,5720,True
2026-03-31T08:00:00+00:00,32211.0,32307.0,32200.0,32266.0,4618,True
2026-03-31T09:00:00+00:00,32265.0,32366.0,32230.0,32365.0,3814,True
2026-03-31T10:00:00+00:00,32363.0,32451.0,32290.0,32341.0,5787,True
2026-03-31T11:00:00+00:00,32341.0,32343.0,32211.0,32272.0,5774,True
2026-03-31T12:00:00+00:00,32272.0,32322.0,32241.0,32290.0,2739,True
2026-03-31T13:00:00+00:00,32286.0,32287.0,32208.0,32243.0,2033,True
2026-03-31T14:00:00+00:00,32242.0,32287.0,32223.0,32259.0,1794,True
2026-03-31T15:00:00+00:00,32263.0,32303.0,32231.0,32295.0,2223,True
2026-03-31T16:00:00+00:00,32295.0,32305.0,32277.0,32292.0,787,True
2026-03-31T17:00:00+00:00,32291.0,32307.0,32282.0,32294.0,586,True
2026-03-31T18:00:00+00:00,32294.0,32301.0,32283.0,32292.0,212,True
2026-03-31T19:00:00+00:00,32298.0,32323.0,32296.0,32314.0,400,True
2026-03-31T20:00:00+00:00,32315.0,32350.0,32302.0,32302.0,655,True
2026-04-01T06:00:00+00:00,32321.0,32410.0,32311.0,32395.0,4504,True
2026-04-01T07:00:00+00:00,32394.0,32660.0,32392.0,32648.0,21401,True
2026-04-01T08:00:00+00:00,32647.0,32679.0,32600.0,32612.0,7308,True
2026-04-01T09:00:00+00:00,32613.0,32664.0,32556.0,32663.0,4456,True
2026-04-01T10:00:00+00:00,32662.0,32764.0,32615.0,32725.0,11298,True
2026-04-01T11:00:00+00:00,32726.0,32773.0,32651.0,32671.0,8453,True
2026-04-01T12:00:00+00:00,32672.0,32684.0,32600.0,32609.0,6530,True
2026-04-01T13:00:00+00:00,32609.0,32685.0,32609.0,32643.0,2896,True
2026-04-01T14:00:00+00:00,32643.0,32699.0,32619.0,32695.0,2481,True
2026-04-01T15:00:00+00:00,32696.0,32717.0,32653.0,32658.0,2665,True
2026-04-01T16:00:00+00:00,32658.0,32727.0,32658.0,32693.0,1893,True
2026-04-01T17:00:00+00:00,32696.0,32716.0,32677.0,32683.0,588,True
2026-04-01T18:00:00+00:00,32683.0,32703.0,32659.0,32697.0,1191,True
2026-04-01T19:00:00+00:00,32697.0,32712.0,32655.0,32686.0,1015,True
2026-04-01T20:00:00+00:00,32683.0,32698.0,32633.0,32687.0,1220,True
2026-04-02T05:00:00+00:00,32633.0,32633.0,32633.0,32633.0,40,True
2026-04-02T06:00:00+00:00,32632.0,32633.0,32566.0,32577.0,3766,True
2026-04-02T07:00:00+00:00,32577.0,32583.0,32453.0,32560.0,10165,True
2026-04-02T08:00:00+00:00,32560.0,32600.0,32551.0,32577.0,4011,True
2026-04-02T09:00:00+00:00,32577.0,32589.0,32512.0,32580.0,3146,True
2026-04-02T10:00:00+00:00,32580.0,32600.0,32555.0,32592.0,1683,True
2026-04-02T11:00:00+00:00,32592.0,32599.0,32560.0,32586.0,974,True
2026-04-02T12:00:00+00:00,32586.0,32600.0,32542.0,32594.0,2464,True
2026-04-02T13:00:00+00:00,32593.0,32675.0,32591.0,32669.0,4511,True
2026-04-02T14:00:00+00:00,32669.0,32669.0,32581.0,32590.0,3160,True
2026-04-02T15:00:00+00:00,32590.0,32634.0,32587.0,32629.0,1797,True
2026-04-02T16:00:00+00:00,32621.0,32635.0,32600.0,32603.0,617,True
2026-04-02T17:00:00+00:00,32604.0,32623.0,32603.0,32618.0,641,True
2026-04-02T18:00:00+00:00,32615.0,32637.0,32602.0,32609.0,1213,True
2026-04-02T19:00:00+00:00,32608.0,32619.0,32593.0,32611.0,626,True
2026-04-02T20:00:00+00:00,32610.0,32611.0,32560.0,32599.0,1593,True
2026-04-03T05:00:00+00:00,32634.0,32634.0,32625.0,32625.0,20,True
2026-04-03T06:00:00+00:00,32631.0,32702.0,32608.0,32654.0,3850,True
2026-04-03T07:00:00+00:00,32656.0,32665.0,32517.0,32524.0,6811,True
2026-04-03T08:00:00+00:00,32524.0,32573.0,32514.0,32529.0,4493,True
2026-04-03T09:00:00+00:00,32533.0,32536.0,32380.0,32405.0,9880,True
2026-04-03T10:00:00+00:00,32405.0,32474.0,32391.0,32431.0,6314,True
2026-04-03T11:00:00+00:00,32431.0,32435.0,32329.0,32357.0,7541,True
2026-04-03T12:00:00+00:00,32354.0,32461.0,32342.0,32416.0,3240,True
2026-04-03T13:00:00+00:00,32414.0,32414.0,32295.0,32301.0,7199,True
2026-04-03T14:00:00+00:00,32301.0,32337.0,32267.0,32320.0,4856,True
2026-04-03T15:00:00+00:00,32322.0,32353.0,32314.0,32347.0,512,False
